Total Count,Tweet
88364,RT @HillaryClinton: RT if you‚Äôre proud of Hillary tonight. #DebateNight #SheWon https://t.co/H7CJep7APX
84278,RT @CloydRivers: A fly landed on Hillary's face. Makes sense. Flies are attracted to pieces of shit. Merica. https://t.co/zGt2mgCB6A
53214,RT @Cameron: If you say you're voting for Hillary just to keep Trump out of office please watch this https://t.co/cFcztOMkFX
48476,"RT @realDonaldTrump: ""If you can't run your own house you certainly can't run the White House"" A statement made by Mrs. Obama about Crooked‚Ä¶"
48476,"RT @realDonaldTrump: ""If you can't run your own house you certainly can't run the White House"" A statement made by Mrs. Obama about Crooked‚Ä¶"
45242,"RT @realDonaldTrump: Wow, just came out on secret tape that Crooked Hillary wants to take in as many Syrians as possible. We cannot let thi‚Ä¶"
32403,"RT @realDonaldTrump: ""If you can't run your own house you certainly can't run the White House"" A statement made by Mrs. Obama about Crooked‚Ä¶"
18270,"RT @realDonaldTrump: 'Democratic operative caught on camera: Hillary PERSONALLY ordered 'Donald Duck' troll campaign that broke the law'
ht‚Ä¶"
18270,"RT @realDonaldTrump: 'Democratic operative caught on camera: Hillary PERSONALLY ordered 'Donald Duck' troll campaign that broke the law'
ht‚Ä¶"
18270,"RT @realDonaldTrump: 'Democratic operative caught on camera: Hillary PERSONALLY ordered 'Donald Duck' troll campaign that broke the law'
ht‚Ä¶"
17857,"RT @realDonaldTrump: ""{Crooked Hillary Clinton} created this mess, and she knows it."" 
#DrainTheSwamp https://t.co/3cBNYjl5CD https://t.co/‚Ä¶"
16810,"RT @realDonaldTrump: WikiLeaks reveals Clinton camp‚Äôs work with ‚ÄòVERY friendly and malleable reporters‚Äô 
#DrainTheSwamp #CrookedHillary
htt‚Ä¶"
15791,"RT @realDonaldTrump: WikiLeaks reveals Clinton camp‚Äôs work with ‚ÄòVERY friendly and malleable reporters‚Äô 
#DrainTheSwamp #CrookedHillary
htt‚Ä¶"
13205,"RT @wikileaks: No, Hillary, 17 U.S. Intelligence Agencies Did Not Say Russia Hacked Dem E-mails https://t.co/89A61juRJm h/t @fredfleitz htt‚Ä¶"
7429,RT @CloydRivers: A preview of what will happen to America if Hillary is elected President. Merica. https://t.co/0b87ovUkeX
6753,"RT @wikileaks: ""Hillary is not running against Bernie, she is running against herself"" #PodestaEmails https://t.co/nlK2KSe8wa #imWithHer #F‚Ä¶"
6709,"RT @HillaryClinton: ""My vision for America is an America where everyone has a place. This is the America that I know and love."" ‚ÄîHillary ht‚Ä¶"
6709,"RT @HillaryClinton: ""My vision for America is an America where everyone has a place. This is the America that I know and love."" ‚ÄîHillary ht‚Ä¶"
6404,RT @goddamnedfrank: This picture of Hillary literally sipping tea while Donald bombs is everything I ever wanted. https://t.co/mKuwXEljMr
5093,RT @HillaryClinton: Newspapers across the country are almost exclusively endorsing Hillary over Trump. https://t.co/gaQgj0Xyjg
4679,"RT @HillaryClinton: ""Let‚Äôs go out and prove that love trumps hate!‚Äù ‚ÄîHillary https://t.co/tTgeqxNqYm https://t.co/OmeUg5bDbr"
4059,"RT @AnnCoulter: Hillary IS nasty.  She was in the middle of mocking Trump, as she does whenever she mentions his name.  Such a nasty woman."
3550,RT @seanhannity: .@HillaryClinton is MIA following final Presidential debate https://t.co/mTSM7wTH16
3056,"RT @WayneDupreeShow: .@JamesOKeefeIII To Release BOMBSHELL That Implicates Hillary, DNC Chair; Sets Up Deadman's Switch! https://t.co/lJKMe‚Ä¶"
2859,RT @WeNeedTrump: Insane crowd in Tampa Bay tonight. Tell me again how Hillary has Florida in the bag... #MakeAmericaGreatAgain https://t.co‚Ä¶
2314,RT @WayneDupreeShow: Project Veritas GOLDMINE! Hillary Team Member Says She Was Involved With Illegal Decisions! https://t.co/FU5tkyDp2u vi‚Ä¶
2302,"RT @DiamondandSilk: Obama shouldn't quote Marco Rubio, he should remember what he said: Hillary would do and say anything to get elected. #‚Ä¶"
2129,RT @DanScavino: Hillary's lies vs. actual scene: https://t.co/i7lumnrVUx
1919,"RT @JamesOKeefeIII: Even on College Game day people can't stop talking about the @PVeritas_Action videos! ""Hillary paid me to riot"" #Verita‚Ä¶"
1721,"RT @peaceandjoy101: ALERT! #Hillary is now leading in all BATTLEGROUND STATES!
Libya, Iran, Iraq, and Afghanistan 
#WWTD
#TrumpPence16 http‚Ä¶"
1684,"RT @emigre80: My daughter's first presidential vote was for Barack Obama. Her second will be for Hillary Clinton.

I love that this is her‚Ä¶"
1622,"RT @bfraser747: üí•üí• BENGHAZI

#SidneyBlumenthal blames #Hillary 4 #Benghazi She was in charge, it was preventable, she failed to protect

#P‚Ä¶"
1593,"RT @ericsshadow: With 17 days remaining, Trump is frantically flying from one rally to another, while Hillary is at home filling out change‚Ä¶"
1554,"RT @america_trump: üí•Young voters to Hillary: ""We can't stand you‚ÄºÔ∏è""üí•

#MillennialsForTrump üëçüèª

https://t.co/tPLcWIrhnp"
1489,"RT @JaredWyand: She cheated your primary

She called you basement dwellers

She called Bernie a doofus

Hillary is literally Satan

Join us‚Ä¶"
1487,"RT @charliekirk11: For all the Hillary supporters: Do you support her for the positions she really holds privately, or the ones she lies ab‚Ä¶"
1487,"RT @charliekirk11: For all the Hillary supporters: Do you support her for the positions she really holds privately, or the ones she lies ab‚Ä¶"
1425,"RT @JaredWyand: Ex-CIA spook @Evan_McMullin admits he‚Äôs only running to sabotage Trump in Utah for Hillary. Don‚Äôt do it Mormons.
https://t.‚Ä¶"
1385,"RT @wikileaks: Why is Hilllary Clinton is so soft on Saudi? The #Podesta connection https://t.co/8R86yE6yXK 

More: https://t.co/pjX9tmfINt‚Ä¶"
1385,"RT @wikileaks: Why is Hilllary Clinton is so soft on Saudi? The #Podesta connection https://t.co/8R86yE6yXK 

More: https://t.co/pjX9tmfINt‚Ä¶"
1385,"RT @wikileaks: Why is Hilllary Clinton is so soft on Saudi? The #Podesta connection https://t.co/8R86yE6yXK 

More: https://t.co/pjX9tmfINt‚Ä¶"
1385,"RT @wikileaks: Why is Hilllary Clinton is so soft on Saudi? The #Podesta connection https://t.co/8R86yE6yXK 

More: https://t.co/pjX9tmfINt‚Ä¶"
1385,"RT @wikileaks: Why is Hilllary Clinton is so soft on Saudi? The #Podesta connection https://t.co/8R86yE6yXK 

More: https://t.co/pjX9tmfINt‚Ä¶"
1385,"RT @wikileaks: Why is Hilllary Clinton is so soft on Saudi? The #Podesta connection https://t.co/8R86yE6yXK 

More: https://t.co/pjX9tmfINt‚Ä¶"
1356,"RT @nia4_trump: FBI #SourcesHaveConfirmed Hillary Clinton is a no good, dirty rotten, LIAR! https://t.co/xfM4hSu1AZ"
1319,RT @BreitbartNews: It's here. #Veritas https://t.co/XIZflP3PYo
1264,RT @KLSouth: Best Ad ever.. #Obama spilling the beans on #Hillary https://t.co/luRPCZphqK #Debate #ImWithHer #DWTS #TheVoice #NLCS #Cubs #O‚Ä¶
1198,RT @HillaryClinton: Hillary and @TimKaine are campaigning together in Pittsburgh. Tune in now to join them live: https://t.co/CcJ6koc5On
1110,"RT @JamesOKeefeIII: AGAIN: Bob Creamer invited our undercover reporter, his ‚Äúintern,"" to the @WhiteHouse, multiple times. https://t.co/osT2‚Ä¶"
1102,"RT @mitchellvii: You know how we know these polls are bogus?  Hillary's numbers went UP dramatically AFTER Wikileaks and O'Keefe, like it w‚Ä¶"
1102,"RT @mitchellvii: You know how we know these polls are bogus?  Hillary's numbers went UP dramatically AFTER Wikileaks and O'Keefe, like it w‚Ä¶"
1076,RT @WDFx2EU7: Aaron Black shown holding a sign next to Hillary's Donald Duck scheme. Proves latest Project Veritas Video! https://t.co/9Tac‚Ä¶
1076,RT @WDFx2EU7: Aaron Black shown holding a sign next to Hillary's Donald Duck scheme. Proves latest Project Veritas Video! https://t.co/9Tac‚Ä¶
1057,RT @DRUDGE_REPORT: Hillary campaigns at early voting location  --  in violation of NC law? https://t.co/eeLFflPM2I
1057,RT @DRUDGE_REPORT: Hillary campaigns at early voting location  --  in violation of NC law? https://t.co/eeLFflPM2I
1023,"RT @TeamTrump: ""@HillaryClinton's goal is to put the Oval Office up for sale to whoever offers the highest price."" - DJT https://t.co/4G8iH‚Ä¶"
892,"RT @ChristiChat: Make no mistake:

On Nov 9th we'll be celebrating or we'll be be gathering to revolt.

Hillary can't defeat TRUMP
w/o #Vot‚Ä¶"
864,"RT @YoungDems4Trump: #PodestaEmails15 needs to trend! Hillary's Media won't report the Truth! It's up to us!

Help trend it now by tweeting‚Ä¶"
852,"RT @Stonewall_77: Hillary Supporters: Free Speech For Me, But Not For Thee

#MAGA #TrumpPence16 #Trump2016 https://t.co/Ytvc06EOSC"
817,RT @DailyCaller: WikiLeaks: Clinton Adviser Says Hillary Sounds ‚ÄòNaive‚Äô Talking About Putin https://t.co/hlH3HCt4Ne #WikiLeaks #PodestaEmai‚Ä¶
767,"RT @albamonica: Hillary Clinton and Tim Kaine campaign together for the first time since Labor Day at a rally in Pittsburgh, PA https://t.c‚Ä¶"
766,"RT @TEN_GOP: Jill Stein: ""How Much More Evidence Does Government Need to Press Charges Against Hillary Clinton?"" https://t.co/cahAYcifHr"
751,RT @CodyRyle: noah fence but I can't stand trump or hillary
733,RT @RealAlexJones: Video: Hillary Personally Ordered ‚ÄòDonald Duck‚Äô to Troll Trump Events - https://t.co/FezldShn17  #tcot #tlot
687,RT @TheTrumpLady: WikiLeaks Daily Stream of 1000s of Podesta Emails Is Slowly Chipping Away at #Hillary While We Fight to Save Our Country.‚Ä¶
678,RT @0HOUR1__: Breaking man votes for Hillary and now wants his @Madonna BJ he says he will file a lawsuit if she backs her mouth off the pr‚Ä¶
662,"RT @RealDonalDrumpf: The Dangers of Hillary Clinton:
- Hands off women's bodies
- Gay wedding cakes
- Billionaires pay taxes
- Better healt‚Ä¶"
614,"RT @TheMattWilstein: Reminder: Before he started going after Hillary, @seanhannity wanted Assange arrested for ""waging war"" against U.S. ht‚Ä¶"
591,RT @HispanicsTrump: This is beyond insulting. Hillary and her campaign see Hispanics as nothing more than votes. They only care about thems‚Ä¶
554,RT @goddamnedfrank: This picture of Hillary literally sipping tea while Donald bombs is everything I ever wanted. https://t.co/mKuwXEljMr
554,RT @MarkDice: Can you guys ask @SeanHannity to unblock me.  I'm willing to set aside our past differences and unite for the sake of stoppin‚Ä¶
553,"RT @MissLizzyNJ: The Dangers of Hillary Clinton: If an increase in taxes and Syrian refugees isn't enough, don't forget about Benghazi and‚Ä¶"
537,RT @Democrat_4Trump: And now we have the proof Hillary paid POLL companies to twist POLLS in her favor and also CREATE FAKE POLLS. @CNN @Fo‚Ä¶
537,RT @Democrat_4Trump: And now we have the proof Hillary paid POLL companies to twist POLLS in her favor and also CREATE FAKE POLLS. @CNN @Fo‚Ä¶
537,RT @Democrat_4Trump: And now we have the proof Hillary paid POLL companies to twist POLLS in her favor and also CREATE FAKE POLLS. @CNN @Fo‚Ä¶
529,"RT @Pamela_Moore13: Disgrace!

George Soros &amp; Hillary Clinton rigged the voting using Smartmatic voting machines! 

#PodestaEmails14 https:‚Ä¶"
529,"RT @Pamela_Moore13: Disgrace!

George Soros &amp; Hillary Clinton rigged the voting using Smartmatic voting machines! 

#PodestaEmails14 https:‚Ä¶"
525,"RT @PollyTickal: For those having trouble keeping up with Hillary's position on emails, here's an easy guide!#PodestaEmails #NeverHillary #‚Ä¶"
524,RT @_Makada_: #PodestaEmails15: Hillary was advised to link Trump to Putin in bid to distract voters from Clinton‚Äôs ISIS strategy https://t‚Ä¶
497,"RT @TEN_GOP: Life long Democrat &amp; Hillary supporter Sen Mccaskill says she wouldn't let her daughter anywhere near Bill Clinton!
#ICanGuara‚Ä¶"
476,"RT @NubianAwakening: Hillary's campaign colluding with their ""friends at the NYT"" to have stories published discrediting any email revelati‚Ä¶"
476,"RT @NubianAwakening: Hillary's campaign colluding with their ""friends at the NYT"" to have stories published discrediting any email revelati‚Ä¶"
470,"RT @worldnetdaily: DEMS 'IN THEIR OWN WORDS' CONFESS 'VOTER FRAUD'
New videos from @Project_Veritas  investigation of Hillary campaign
http‚Ä¶"
461,"RT @hrtablaze: I'm from the inner city &amp; have felt it's pain! Don't complain about system &amp; then vote hillary! 
#TheHoodForTrump
 https://t‚Ä¶"
428,"RT @LindaSuhler: Let's talk RUSSIA, Hillary

HRC's ""...State Dept approved the transfer of 20% of America‚Äôs Uranium holdings to Russia..""‚Ä¶"
427,"RT @WesleyRickard: Wall Street Journal break story Fox news reports Hillary Clinton's team paid $700,000 to influence FBI investigation aga‚Ä¶"
424,RT @P0TUSTrump: How sad that Hillary &amp; her supporters STILL talk about False Accusations instead of Policies &amp; the future of our country.‚Ä¶
423,RT @WDFx2EU7: Trump 'Banned' in West Hollywood; Fans Rally Anyway  https://t.co/cP3WoOWY02
403,"RT @mitchellvii: Today, Trump gave his Gettysburg Address before millions.  Hillary is looking for an address with fewer seats."
403,"RT @mitchellvii: Today, Trump gave his Gettysburg Address before millions.  Hillary is looking for an address with fewer seats."
401,"RT @Dongkey_kong: @mitchellvii Through Primary turnout analysis, Hillary is facing a nearly impossible climb. Only vote rigging will help.‚Ä¶"
400,"RT @joyreaper: Hillary exchanged classified info w/ Podesta from ""private server"" - Saudis are funding terror and she's known that her enti‚Ä¶"
399,"RT @mitchellvii: Today, Trump gave his Gettysburg Address before millions.  Hillary is looking for an address with fewer seats."
397,RT @LucidHurricane_: #HustlingHaiti Podesta was told to warn Hillary that hustling Haiti's goldmines would destroy her! #PodestaEmails16 ht‚Ä¶
395,"RT @mitchellvii: Simple question:  If Hillary is winning, why is CNN in 3rd place?"
375,RT @mitchellvii: I'm hearing from sources Hillary may be pulling out of FL.  Will update when I know more.
375,RT @mitchellvii: I'm hearing from sources Hillary may be pulling out of FL.  Will update when I know more.
375,RT @mitchellvii: I'm hearing from sources Hillary may be pulling out of FL.  Will update when I know more.
374,"RT @CelesteKatzNYC: The politics of humor, as related to Hillary Clinton, Bill Clinton -- and Bernie Sanders... c/o #wikileaks https://t.co‚Ä¶"
371,RT @AdamParkhomenko: .@katyperry going door-to-door for Hillary. also that shirt. https://t.co/65aIiSXDgW
371,"RT @BreitbartNews: Florida's Cuban-Americans say Clinton is ""la bruja mentirosa"" to their community. https://t.co/hhx2afa9Fd"
361,"RT @0HOUR1__: https://t.co/eymI9tHLEm
#RIGGED POLLING here is your undeniable PROOF
HILLARY CLINTON IS A FRAUD
WATCH THE MACHINES
QUESTION‚Ä¶"
359,RT @mitchellvii: These fake media polls serve one purpose.  To keep the RCP Average around Hillary +6.
356,RT @TrumpSuperPAC: #Duckgate was all #Hillary's idea from the FELON who met with Obama 42 times! #ProjectVeritas #wikileaks #LockHerUp #Vot‚Ä¶
328,RT @DailyCaller: Hillary‚Äôs Campaign Manager Has The WORST Response To WikiLeaks Emails ‚Äî What About Trump‚Äôs Tax Returns? [VIDEO] https://t.‚Ä¶
319,RT @MissLizzyNJ: The FBI says they can't prove that Hillary is guilty of gross criminal negligence but she keeps proving that she is extrem‚Ä¶
319,RT @MissLizzyNJ: The FBI says they can't prove that Hillary is guilty of gross criminal negligence but she keeps proving that she is extrem‚Ä¶
319,RT @MissLizzyNJ: The FBI says they can't prove that Hillary is guilty of gross criminal negligence but she keeps proving that she is extrem‚Ä¶
319,"RT @VivaLaAmes: Did Hillary take $12 million from a MUSLIM DICTATOR in exchange for a weapons deal in a YUGE PAY TO PLAY SCAM?
https://t.co‚Ä¶"
308,RT @RealAlexJones: Trump savages Hillary on #Wikileaks #Haiti #ClintonFoundation corruption at #DebateNight: LIVE 11AM-3PM CT https://t.co/‚Ä¶
303,"RT @YahyaJohn: @HillaryClinton ""Barack Obama was born in America plain and simple and Donald Trump owes him and the America people an apolo‚Ä¶"
298,"RT @JaredWyand: Media: ""All those things Trump said were great but we can't have them because some women (Hillary paid) made accusations""‚Ä¶"
296,RT @GaetaSusan: Every voice counts! Use it to inform the uninformed. Download all  WikiLeaks. Hillary's Corruption is Exposed! #UnRigTheSys‚Ä¶
289,"RT @RedNationRising: If Hillary can #RiggedElection she can also  #RiggedPolls in a #RiggedSystem 
#DrainTheSwamp #RedNationRising 
https:/‚Ä¶"
288,"RT @VivaLaAmes: Bombshell undercover Video DIRECTLY LINKS Hillary to EVIL SuperPAC inciting violence and plotting VOTER FRAUD 
https://t.co‚Ä¶"
281,RT @JoyAnnReid: Assange's real reason for opposing Clinton: fear of vigorous prosecution of Julian Assange. https://t.co/qYJxcxf152 via @th‚Ä¶
281,RT @JoyAnnReid: Assange's real reason for opposing Clinton: fear of vigorous prosecution of Julian Assange. https://t.co/qYJxcxf152 via @th‚Ä¶
277,RT @RealAlexJones: #Wikileaks: #Hillary Plans to Implode US Economy - https://t.co/pR6NqJRtPH
268,"RT @LouDobbs: UN Joins Hillary Cartel, Corrupt Obama Admin &amp; Liberal Media Attack on Trump https://t.co/F5ptolX3qr via @worldnetdaily #MAGA‚Ä¶"
266,"RT @trump2016fan: üö®WIKILEAKS:  Sen Feinstein helped Hillary avoid a criminal referral on Bhengazi as part of coverup
https://t.co/fm2VxABzg‚Ä¶"
266,"RT @trump2016fan: üö®WIKILEAKS:  Sen Feinstein helped Hillary avoid a criminal referral on Bhengazi as part of coverup
https://t.co/fm2VxABzg‚Ä¶"
259,"RT @TEN_GOP: ""The latest Wikileaks emails are very clear: If Hillary is elected, it'll mean the rule of law becomes the rule of 'Friends of‚Ä¶"
246,"RT @Democrat_4Trump: When we wear RED on Election Day NOVEMBER 8, these VOTER fraudster Hillary media is going to have a damn hard time exp‚Ä¶"
244,RT @chuckwoolery: You may survive with a #Hillary and #DemocratPresidency. You will Prosper with #TrumpPence16 .
236,RT @JackPosobiec: CNN just accidentally admitted Hillary is worried she will lose PA
227,RT @MarkRuffalo: Michael Moore releases film and email urging all progressives to vote Hillary‚ÄîTrump could win https://t.co/VDD3jSyFlv
215,"RT @SandraTXAS: Isnt it strange media condemning #WIKILEAKS ....... ?
#Gettysburg 
#PodestaEmails15
#ImWithHer not! #Hillary
#MAGA #Trump h‚Ä¶"
208,"RT @CNNPolitics: Clinton: We know ""the difference between leadership and dictatorship"" https://t.co/Bgx5xXkHhY https://t.co/CiCsRQ9uij"
208,RT @CNNPolitics: Hillary Clinton slams Donald Trump for his comments on not accepting results of the election https://t.co/6OZtrfIwim https‚Ä¶
207,"RT @WDFx2EU7: The new ABC poll showing Hillary at 50% and Trump at 38% used some very ""interesting"" polling methods. https://t.co/Dxz8C0zD14"
196,"RT @davidsirota: ""Pragmatic"" = approving a tar sands pipeline, voting for drilling &amp; promoting fracking https://t.co/7euE7uaNfc https://t.c‚Ä¶"
195,RT @Always_Trump: Hillary Campaign discusses how to use the killing of black people to their political advantage. #PodestaEmails15 #Podesta‚Ä¶
184,RT @ChatRevolve: This was halfway during the event still empty and Hillary staff freaking out over us shouting facts #Trump2016  #NV #NC #O‚Ä¶
183,"RT @CauseWereGuys: RT for Ron Swanson 
Like for Hillary Clinton https://t.co/iMyE18BMZ5"
183,"RT @CauseWereGuys: RT for Ron Swanson 
Like for Hillary Clinton https://t.co/iMyE18BMZ5"
183,"RT @CauseWereGuys: RT for Ron Swanson 
Like for Hillary Clinton https://t.co/iMyE18BMZ5"
183,"RT @CauseWereGuys: RT for Ron Swanson 
Like for Hillary Clinton https://t.co/iMyE18BMZ5"
176,RT @BigStick2013: Stunning Numbers: Trump Leads Hillary in Rally Attendance by Half a Million People Since August https://t.co/y87QV6CAwD v‚Ä¶
175,"RT @Democrat_4Trump: Hillary Clinton Refuses Meeting With Local Police, Sits Down With Black Lives Matter https://t.co/vXyOX7vmTz"
174,"RT @weknowwhatsbest: For security reasons, should Hillary become president, a top secret classification will be placed on nap times."
166,"RT @MissLizzyNJ: The Dangers of Hillary Clinton:
She wants to start a war with Russia, yet she's telling them how to win. https://t.co/vzRz‚Ä¶"
165,"RT @diana_west_: Hillary is expected to bring 1 million Muslims into US in 1st term, which means Islamization on a European scale.
That's t‚Ä¶"
160,"RT @Cernovich: #TooCorrupt video is here!

https://t.co/uUjVWAGzjQ"
160,RT @wpjenna: Spotted at Donald Trump's rally in Virginia Beach: Hillary Clinton's head on a stake. https://t.co/iqnya3NeuF
157,"RT @ImwithHer2016: ‚ÄúAmerica needs a brave leader, not bravado. Real solutions, not paper-thin promises.‚Äù @Enquirer, endorsing Hillary Clint‚Ä¶"
157,"RT @FemalesForTrump: The DNC Podesta emails did NOT come from Russia! Another HUGE blunder by Hillary!
#DrainTheSwamp #polls #HillaryAlways‚Ä¶"
157,RT @scottienhughes: Why does it seem like Hillary has more trolls on the internet then attendees at her rallies üôÑ Good grief Trolls R fierc‚Ä¶
154,RT @pnehlen: If you're planning to vote #Hillary at least watch this short video https://t.co/K8akE8MWSx to learn what TPP is - Gold Standa‚Ä¶
152,"RT @TEN_GOP: Jay Sekulow: ""There's no question in my mind that the FBI never really intended to do an investigation Hillary Clinton."" https‚Ä¶"
147,"RT @WDFx2EU7: Hillary Clinton Faces Criminal Charges In Egypt
https://t.co/LxzllQLUIn"
146,"RT @_Makada_: .@SeanHannity reveals Hillary Clinton's former ""fixer"" Jeff Rovin on @FoxNews! https://t.co/IrMY9N8xuK"
141,"RT @Democrat_4Trump: Mook is lying. Trust me, the Hillary Camp has spoken to the Trump accusers &amp; I've seen the evidence. Wikileaks will re‚Ä¶"
133,RT @AdamParkhomenko: It's an easy call: Hillary Clinton for president https://t.co/aqoMPCO4B6
133,RT @AdamParkhomenko: It's an easy call: Hillary Clinton for president https://t.co/aqoMPCO4B6
129,"RT @col_nj: Trump's Right! üëâHillary's Self Professed Dream For Open Borders PROVES Her Loyalty Is NOT With The American People

#SundayMorn‚Ä¶"
121,"RT @WesleyRickard: 10-22-2016 ""Hillary Clinton left 4 Navy Seals to die on a rooftop in Benghazi because she was not willing to make the ha‚Ä¶"
121,"RT @bocavista2016: #Gettysburg summarizes this entire election:

Trump focuses on America

Hillary focuses on Russia

https://t.co/8Bt7Ry6E‚Ä¶"
119,RT @LatestAnonNews: Is Hillary Clinton in a healthy condition to be president? What's wrong with her head? #PodestaEmails17 https://t.co/KV‚Ä¶
118,"RT @VivaLaAmes: IF YOU SUPPORT THE #2A HILLARY'S CAMPAIGN THINKS YOU'RE A ""GUN NUT""
https://t.co/Ihdnh3AGbM"
117,RT @WDFx2EU7: 1 week ago Google said a majority of Hillary's funds were attributed to superpacs. THEY CHANGED IT after VERITAS videos! http‚Ä¶
116,"RT @LVNancy: Hillary's explanation of SCOTUS Heller decision was totally wrong, was she Lying again‚ùì
üë∫ #CrookedHillary
#2Aüî´
#MAGA
https://t‚Ä¶"
115,"RT @MaxSteel747: What do you Female Voters Think will Happen when Hillary's 400,000 planned Syrian immigration comes to Your Neighborhood n‚Ä¶"
111,RT @DRUDGE_REPORT: IT BEGINS:  Kaine opens door to Clinton pushing TPP...  https://t.co/E3F7K6fe4F
111,RT @DRUDGE_REPORT: IT BEGINS:  Kaine opens door to Clinton pushing TPP...  https://t.co/E3F7K6fe4F
110,RT @davidsirota: CAN'T MAKE IT UP: The SEC exempted federal lawmakers from the government's anti-corruption rule  https://t.co/o4Ivxn7YmT h‚Ä¶
104,RT @DailyCaller: Hillary‚Äôs Campaign Manager Has The WORST Response To WikiLeaks Emails ‚Äî What About Trump‚Äôs Tax Returns? [VIDEO] https://t.‚Ä¶
103,"RT @_Makada_: Alex Gerlach at the State Department colluding with Clinton campaign on Hillary's email scandal!

#PodestaEmails16
https://t.‚Ä¶"
103,"RT @_Makada_: Alex Gerlach at the State Department colluding with Clinton campaign on Hillary's email scandal!

#PodestaEmails16
https://t.‚Ä¶"
100,"RT @hale_razor: HILLARY &amp; DEMOCRATS:
Wrong on Russia.
Wrong on Iran.
Wrong on Syria.
Wrong on Iraq.
Wrong on Libya
Wrong on ISIS.
So give t‚Ä¶"
100,"RT @hale_razor: HILLARY &amp; DEMOCRATS:
Wrong on Russia.
Wrong on Iran.
Wrong on Syria.
Wrong on Iraq.
Wrong on Libya
Wrong on ISIS.
So give t‚Ä¶"
97,"RT @FranCifelli: U would think that after 40 yrs of ""public service"" ha~ ha~Hillary would have done something worthwhile &amp; really great but‚Ä¶"
94,RT @JessieJaneDuff: Hillary warned not to take $12 mil from corrupt Morocco King. Can she ever resist? Making Money @cvpayne #Wikileaks htt‚Ä¶
92,"RT @davidsirota: Things I learned on Twitter: Hillary Clinton ""avidly and viciously supported single payer through her whole career"" https:‚Ä¶"
91,"RT @GoTTdiva: Hillary, go home. You are drunk https://t.co/2xXlLADOV8"
91,"RT @GrrrGraphics: ""The Dangers of Hillary Clinton"" &amp; Obama planting the seeds of terror across America https://t.co/Oj98iIxEAZ https://t.co‚Ä¶"
81,"RT @BigStick2013: WOW! TRUMP Cleveland Rally Has 1.7 MILLION Views ‚Äì Hillary Cleveland Rally has 3,825 Views https://t.co/jVwyZkpk3l via @g‚Ä¶"
80,RT @Iavensun: just cause you're voting for hillary doesn't mean that you support her views or would you rather give trump the nuclear codes?
78,"RT @LindaSuhler: She will END the #2A
#Wikileaks: Hillary Clinton Had #GunControl Supporters Planted In Town Hall Audience
#Crooked
https:/‚Ä¶"
76,RT @kylegotjokes: When you're sitting between a Trump supporter and Hillary supporter and realize they're equally stupid cuz the world is b‚Ä¶
75,"RT @LeahR77: Hillary On Gaddafi's Lynching ""WE Came WE Saw HE Died""  Laughs 
#DebateNight https://t.co/6ij8v6jTJK"
74,RT @TStig822: The Clinton Mantra #Hillary #HillaryForPrison #notHillary #BillClinton @BernieSanders https://t.co/uYkMc4jfsu
72,RT @xebec78: Chelsea Clinton email to Podesta:  Foundation not paying bills.  Didn't Hillary accuse Trump of screwing the little guy?  #Pod‚Ä¶
68,"RT @Sandylatin16: After Hillary Exposed‚Äòextremely classified‚Äô Nuclear Response Time, 88 US Generals Stand Together Against Hillary‚Ä¶ https:/‚Ä¶"
67,"RT @60Minutes: ""When I think I'm right, nothing bothers me,"" said @realDonaldTrump during his first #60Minutes appearance https://t.co/Q23l‚Ä¶"
66,"RT @reg1776: I look forward to the ""WHAT WE MISSED""  segments on the MSM after Trump wipes the floor with Hillary on November 8th. https://‚Ä¶"
64,"RT @ToscaAusten: BOOM! Julian Assange Reveals Hillary‚Äôs Criminals ! Hackers aren‚Äôt Russian , they are DEMOCRAT ‚ÄúWHISTLEBLOWERS‚Äù ! https://t‚Ä¶"
63,"RT @Chellaney: American democracy or plutocracy? With her cozy ties to wealthy interests, Hillary collected $1.14 billion by September-end‚Ä¶"
58,"RT @LindaSuhler: Jill Stein Slams #CrookedHillary's 'Disturbing' Laughter at Lynching of African Ruler
#Sick
https://t.co/H7VyRpVktv
https:‚Ä¶"
58,"RT @LindaSuhler: ""Hillary Clinton took up to $25 million from Saudi Arabia, where being gay is punishable by DEATH.‚Äù

#NeverHillary #Radica‚Ä¶"
57,"RT @albamonica: Hillary Clinton and Tim Kaine campaign together for the first time since Labor Day at a rally in Pittsburgh, PA https://t.c‚Ä¶"
57,RT @MrEdTrain: I smell a Hillary Muslim Tax increase in the works ! Don't even think about voting for HER üò¨#NeverHillary #LockHerUp #draint‚Ä¶
57,RT @MrEdTrain: I smell a Hillary Muslim Tax increase in the works ! Don't even think about voting for HER üò¨#NeverHillary #LockHerUp #draint‚Ä¶
56,"RT @wpjenna: A quick look at the anti-Hillary merchandise for sale outside Donald Trump's rally in Naples, Florida. https://t.co/sC53d9vcrL"
55,RT @NotJoshEarnest: The Assistant FBI Director that took Governor McCauliffe's bribe will be promoted to Attorney General by Hillary Clinto‚Ä¶
53,RT @ThisIsWhyTrump: And now we have the proof Hillary paid POLL companies to twist POLLS in her favor and also CREATE FAKE POLLS. #CNN #Fox‚Ä¶
53,"RT @aduanebrown: Hillary Clinton is like @KimKardashian, everyone knows them, but can't ever figure out what the hell they've accomplished.‚Ä¶"
53,"RT @bocavista2016: Hillary supported #NAFTA &amp; #TPP until it was unpopular to do so

She'll NEVER bring JOBS back
https://t.co/IByEY6oHCp
#t‚Ä¶"
48,RT @CapehartJ: Trump treated essential pillar of American democracy with seriousness of a boardroom moment on ‚ÄúThe Apprentice.‚Äù https://t.c‚Ä¶
47,RT @CNN: Goldman Sachs CEO on Hillary Clinton: 'Of course we engage' on policy https://t.co/99LW8vbwol https://t.co/SmN7kg6Z14
46,"RT @GoldStarMomTX55: The Dangers of Hillary Clinton
CAUSES UNLAWFUL BEHAVIOR
‚úîVOTE #TRUMP
REASON #16 OF 30
#LawAndOrder 
#TrumpsArmy 
https‚Ä¶"
44,RT @LindaSuhler: Reported Clinton 'fixer' Jeff Rovin on #Hannity tonight said Hillary's relationship with Vince Foster was an 'open secret.‚Ä¶
42,"RT @LindaSuhler: TRUMP: HILLARY‚ÄôS $12M MOROCCAN #PAYTOPLAY SCHEME IS EMBODIMENT OF GOVT CORRUPTION
#CrookedHillary #DrainTheSwamp
https://t‚Ä¶"
42,RT @1Aksp: If @realDonaldTrump will #PardonJulian . Hillary stands no chance. #ShowusJulian https://t.co/OgAurA4oNL
38,"RT @slava381977: Vote for Hillary? Waiting for you, very exciting, tough life, I hope you will survive a nuclear winter. Good LUCK! #Trump2‚Ä¶"
36,RT @carrieksada: ~The dangers of Hillary Clinton~ that she &amp; her Muslim Brotherhood aide Huma r on a mission 2 import more #rapefugees to t‚Ä¶
36,"RT @theodwest: @SeanHaniity interviewing Mr. Fixer Jeff Rovin right now! #PodestaEmails17 #ClintonScandals #MAGA #projectveritas
https://t.‚Ä¶"
35,"RT @JesseFFerguson: MN Star Tribune backs HRC

""With a formidable command of policy and a deep dedication to public service""

https://t.co/‚Ä¶"
34,RT @RealMuckmaker: The right says Hillary Clinton is responsible for her husband. Why isn't Melania Trump? https://t.co/IwTwMKZ2qX
33,RT @MJackson3258: @Lambykins60 @GovMikeHuckabee or Hillary paying rioters?
31,"RT @WtfRenaissance: Even in the privacy of her own office, Hillary could still feel Donald lurking behind her. https://t.co/3axktQsVf7"
28,"RT @TwitchyTeam: Hillary Clinton, Terry McAuliffe and the FBI have a $467,500 headache on their hands https://t.co/fuI9a6Ny7w"
28,RT @RealDrGina: Trump slams Hillary on taking money from countries oppressive to women: https://t.co/1weAaV8L2j via @YouTube
27,"RT @StoneColdTruth: Animated Gif from Ben Garrison - Hillary's Command and Control Bunker
Enjoy! 
#StopTheSteal https://t.co/pvxTUqMS2m"
24,"RT @yceek: Hillary Clinton / Democrats blame Russ for their own ppl hacking..
Thou - I beg Russ release BRIBES from oligarchs while being S‚Ä¶"
23,"RT @true_pundit: Hillary Clinton embraces George Soros‚Äô ‚Äòradical‚Äô vision of open-border world #Hillary #TruePundit

https://t.co/zRXucXB7M9"
22,"RT @JohnFromCranber: Hillary's 1st 100 Days Will = Executive Orders on Amnesty/Guns + More of Same on Open Border, Islamization, War on Ene‚Ä¶"
21,RT @Lagartija_Nix: Clinton Associate Tried to Bribe FBI to Bury Hillary Email Permanently https://t.co/b0BgnoKZHM @realDonaldTrump @mike_pe‚Ä¶
21,"RT @TrumpSuperPAC: Two More Massage Therapists Accuse Al Gore of Sexual Assault, While #Hillary Talks Out Of Both Sides Of Her Mouth! https‚Ä¶"
21,"RT @jerome_corsi: Hillary SMALL TURNOUT in OHIO manipulated to look like large crowd https://t.co/m0G6vlMVYq BIG CONTRAST to 30,000 Trump b‚Ä¶"
21,RT @paz4u: Hillary in Charlotte NC A vote for me is a vote for yourself For all the things you care about! #EarlyVote get involved make pho‚Ä¶
20,RT @terrymendozer: @HillaryClinton Hillary doesn't have a clue what to do with Isis. Trump is right again https://t.co/T2yDkBB9rD
20,RT @EmekaGift: Nigerians are supporting Hillary Clinton while #Biafrans are in full support of #realDonaldTrump. #BiafraForRealDonaldTrump‚Ä¶
20,"RT @TNrina: .@TGowdySC: ""If you don't vote for our party's nominee you are voting for a serial criminal. Can I get any clearer?"" https://t.‚Ä¶"
19,"RT @roycan79: #HILLARY is the only POTUS CANDIDATE who called young BLACKS ""SUPER PREDATORS."" #Blacklivesmatter #blacktwitter  #blackwomenv‚Ä¶"
18,"RT @ofccadjust: Tomorrow at noon another 500lb Jtag on Hillary's HQ üòÇüòÇüòÇ
#NeverHillary 
#LockHerUp 
#DrainTheSwamp 
#PodestaEmails16 https:/‚Ä¶"
18,"RT @RepStevenSmith: This is the biggest story of the election, in my opinion. Why is Hillary et al taking tens of millions from a horrible‚Ä¶"
18,"RT @jimlibertarian: Hillary has a fascination with corpses,this üëøwill stoop 2 the lowest lows 2 get elected‚ò†Ô∏è https://t.co/ZrkkFOKS3k https‚Ä¶"
17,"RT @Firemdc780: Hillary had a Romantic interest with Vince Foster? Yeah, That was pretty much an Open Secret""-Jeff Rovin, Hillary's ""Fixer""‚Ä¶"
17,"RT @WesleyRickard: WSJ:  Hillary Clinton's friend VA Governor Terry McAuliffe (D) gave $700,000 to the wife of the FBI agent then investiga‚Ä¶"
14,RT @ed_hooley: BIPOLAR HILLARY:  Dr. Says Hillary Has MANIC DELUSIONS OF GRANDEUR #SundayBrunch #NYGvsLA #Cubs #WorldSeries #MAGA  https://‚Ä¶
14,RT @WesleyRickard: Judge Alex explains why WikiLeaks are legitimate in exposing Hillary Clinton. Watch &amp; Retweet #PeoplesCourt #JudgeJudy #‚Ä¶
13,"RT @dianekays: @LisaMiwa @risetoflyy @TimAlexander429 
Hillary is worried about PA https://t.co/Pq7PiWghZI"
13,RT @SalamMorcos: .@Salon should be ashamed of itself. This is editorial malpractice. The title they chose is NOT what Reich said. + https:/‚Ä¶
13,"RT @UnprofoundMusic: #TexasVotes2016 I voted for Trump, with everyone else in Texas.  I have never even seen a Hillary Sign in Texas, ALL T‚Ä¶"
12,"RT @JessPro86: @lawhawk @wikileaks Hillary &amp; the DNC altered our election when they claimed to have fair primaries, but instead meddled hea‚Ä¶"
12,RT @ThePatriot143: Did Hillary Clinton Take 12 Million Dollars from a MUSLIM DICTATOR in Exchange for a Weapons Deal?  https://t.co/hrI6sZr‚Ä¶
12,RT @TrumpNewss: WATCH ‚Äì Federal Prosecutor Goes NUCLEAR on Hillary: ‚ÄòEverything the Clintons Touch‚Ä¶‚Äô https://t.co/N0O3O31AKp https://t.co/D‚Ä¶
11,RT @jennanjack: 'Bombshell'! What Marco Rubio did 'while Hillary was selling uranium to Putin  ‚Äì https://t.co/0C6Tn1Ihfn https://t.co/CxWCY‚Ä¶
10,"RT @immigrant4trump: The American people are DONE with career politicians, ""Hillary Clinton All Talk!  No Action!"" @AJDelgado13 #Maga https‚Ä¶"
10,RT @AriaWilsonGOP: PROJECT VERITAS HERO O‚ÄôKEEFE TO IMPLICATE HILLARY AND DONNA BRAZILE MONDAY https://t.co/dsZqn0ksSO https://t.co/o4E8k69X‚Ä¶
10,RT @DrinkNForte: @realDonaldTrump @SheriffClarke GET THE PITCH FORKS N TORCHES OUT WE R TAKING DOWN A MONSTER!! ITS NAME IS HILLARY!! https‚Ä¶
9,"RT @Conservative_VW: We already know that Hillary can't be trusted with a 3AM call ...

She's got her Michael Jackson IV in her arm and she‚Ä¶"
9,"RT @Conservative_VW: We already know that Hillary can't be trusted with a 3AM call ...

She's got her Michael Jackson IV in her arm and she‚Ä¶"
9,"RT @AIIAmericanGirI: VIDEO: Hillary caught on camera breaking North Carolina election laws? @ConsrvOutfitter
https://t.co/343N5gFahG"
8,RT @Nascar_Tom: Donald Trump‚Äôs closing argument is battle cry against Hillary Clinton‚Äôs corruption - https://t.co/bQIbct9sYP - @washtimes
8,RT @RedPillScience: #DescribeTheElectionInAGif Hillary's Clinton released new updated campaign logo and slogan. Please share! https://t.co/‚Ä¶
8,RT @dogonvillage: #SundayMorning don't believe voting machines rigged or #Hillary would've won n 08 but it is a #RiggedSystem n favor of ri‚Ä¶
8,"RT @marypatriott: N *CASE* U Missed It-TRUMP TO ""FEMINIST"" HILLARY: ""YOU ACCEPTED $25MILLION FRM SAUDI ARABIA, WHICH PUSHES GAYS OFF BLDGS‚Ä¶"
8,RT @BreitbartNews: High. Energy. https://t.co/wNbqYfaHw6
8,"RT @DonaldJTrumpNY: #NY Assemblywoman Claudia Tenney: #Hillary #Clinton 'Destroyed' #NY as #Senator; Imagine What She'd Do to #Country
http‚Ä¶"
7,RT @jackthecat11: MSNBC intelligence expert: WikiLeaks is releasing falsified emails not really from Hillary Clinton https://t.co/7EDTvZUIY‚Ä¶
7,RT @Theymightbegian: #Hannity It was an open secret that Hillary was having an affair with Vinca Foster.  Who shot himself twice in the bac‚Ä¶
6,"RT @74f5c728e7d446d: CNN, NBC Use Bogus 'Fact Check' on Hillary Email Scandal https://t.co/CdEVH8O0TW
Hillary Clinton number one fansüö´üíØüí©‚òπ h‚Ä¶"
6,RT @rstephe364: @WDFx2EU7 A lot of us in California hate Hillary. Go Trump
6,RT @BobG231: What we can look forward to if Hillary wins. https://t.co/xQC14snzJ0
6,"RT @WayneRoot: Mainstream media makes believe it never happened. Back to Trump's locker room private conversation. #BANANAREPUBLIC
https://‚Ä¶"
6,RT @JoeFreedomLove: Petraeus says: It is well known that I told both Hillary and Obama not to leave Iraq vulnerable. ISIS is their baby. ht‚Ä¶
6,RT @5kyvz: hillary is the worst possible option but so is trump holy shit
5,RT @AlamoOnTheRise: The dangers of Hillary Clinton is Pepe can go back to just being a frog https://t.co/o1UK1Gj4Qd
5,RT @Usainflames: BREAKING: Secret List of EVERY Reporter on Hillary‚Äôs Payroll JUST LEAKED! https://t.co/T1dh3iqbdg https://t.co/x1OyTTtML2
4,RT @Doodisgirl: Ever the hypocrites. #Hillary #Obama #Leftist #Liberals https://t.co/pCJLRuhZJM
4,RT @incorrectpoliti: Take a look at this would you. And mainstream media is telling us with fake Polls that Hillary Clinton might win I don‚Ä¶
4,"RT @Deadline: ‚ÄòSaturday Night Live‚Äô Hits Season High Ratings With Tom Hanks, Lady Gaga &amp; More Donald Trump &amp; Hillary Clinton https://t.co/s‚Ä¶"
4,RT @BaileySchuelke: If you support Hillary you disgust me.
3,"RT @NobamaDotCom: Obama &amp; Hillary would love to know the WHO &amp; WHERE of @Wikileaks - but they don't.

So the news keeps coming! https://t.c‚Ä¶"
3,"RT @lany891: RNC Chairman Priebus: Hillary Is Going to Lose, 'She's Too Risky for This Country' - Breitbart https://t.co/KFvxUZtEXb"
3,RT @Sophia4Trump: Jill Stein Slams Hillary Clinton‚Äôs ‚ÄòDisturbing‚Äô Laughter at Lynching of African Ruler https://t.co/6rtAwsilga https://t.c‚Ä¶
2,RT @JohnFromCranber: Assange: Hillary Tried to Link Trump to Russia  to Hide Her Connection to Russia/ISIS https://t.co/3u8rlCNnmU  #tcot h‚Ä¶
2,RT @pamelakarnbach: Require polls show Hillary in lead to detract suspicion of #VoterFraud due to #illegalimmigrants voting #PodestaEmails1‚Ä¶
2,"RT @aravosis: In fact, Hillary and Bill were early trendsetters in their advocacy for LGBT rights long before it was cool. https://t.co/DoF‚Ä¶"
2,"RT @TrumpMyPres: VIDEO: #HillaryClinton Offers ""HOT SAUCE"" to #Blacks, While #Trump Offers a PATH to a BETTER LIFE https://t.co/wVPO7OcFpP‚Ä¶"
2,RT @zip90210: How Hillary Clinton Became Corrupt -The Inside Story from Dick Morris - former Clinton Campaign Mgr https://t.co/1lqxBv4nQ3 #‚Ä¶
2,RT @floridaguy267: Who is going to have to tell Hillary how bad the polls really are before election day
2,"RT @GoLeftYoungMan: If Hillary said she knew more than the generals, you'd never hear the end of it from Republicans.

#Decision2016 #Remem‚Ä¶"
2,"RT @SloAndTom7: proof of Wall St Bankers for Hillary @BernieSanders @JohnStossel @tedcruz @DrJillStein @RonPaul @RandPaul 
https://t.co/09f‚Ä¶"
2,"RT @RajeevSrinivasa: huma abedin : #hillary :: vincent george : sonia. vincent is the former typist, now billionaire, who ran india https:/‚Ä¶"
2,RT @Maxeightyeight: @belskie @RNSolutions88 @WEKNOWYOURLIES @SoLetsLookItUp @FavThngs  Yesterday.. To show solidarity with Hillary...
1,"RT @M_Montalvo_2011: https://t.co/z9FsQaARFF
#PodestaEmails15 
Gang decides what Hillary's position is then tells her

Wtf? https://t.co/Pf‚Ä¶"
1,RT @MdlMurray: WIKILEAKS: Blog Post Showing Support For Hillary And Gun Control is FAKE https://t.co/f8s4gQBVYR via @gatewaypundit
1,"RT @walkerkpt: I'm guessing Russia's nuclear response time is now less that 4 minutes thanks to big mouth,what's the meaning of classified,‚Ä¶"
1,RT @hyland114: HILLARY CLINTON ATTENDED OVER 130 FUND RAISERS‚ùóÔ∏èBUT NO PRESS CONFERENCES. IMAGINE HOW MANY PPL SHE WILL OWE FAVORS TO. READ‚Ä¶
1,RT @KarenKyia: @JudicialWatch Hillary is above the law!  Nobody has held her to any wrong doings have they?  She is free and clear!
1,RT @Donkey_Feed: Hillary Clinton for President of the United States https://t.co/BsT521tcuL #ImWithHer #StrongerTogether #NeverTrump
1,RT @soccerdg14: The guy who founded the organization behind Hillary's email investigation is dead.. strange coincidenceü§î https://t.co/wtxnO‚Ä¶
1,RT @Emy4Trump: BREAKING: Secret List of EVERY Reporter on Hillary‚Äôs Payroll JUST LEAKED! https://t.co/LKbs8hYUuG https://t.co/4RwDyiUxwx
1,"RT @realFirearms: RT GunOwners: Obama is the gun salesman of this decade. Will Hillary be the salesman of the next? #2A #gunowners
https://‚Ä¶"
1,"RT @carrieksada: Hillary‚Äôs ‚ÄòOpen Borders‚Äô means more disease in U.S. 
Especially affecting our most vulnerable.
https://t.co/fmVedCZdSp via‚Ä¶"
0,RT @KaschRobert: Good. I think he may be as riddled with corruption as Bill and Hillary. Chelsea Be careful. Nwe DOJ coming. Rat on mom and‚Ä¶
0,RT @LorenaAshcroft: Huma on Hillary‚Äôs $12M Morocco Fiasco: ‚ÄòShe created this mess and she knows it‚Äô https://t.co/mVvWWM4zLJ
0,RT @bryce_wyatt: Hillary better destroy this fool #AlSmithDinner
0,RT @Cynicalreality: The irony of a deplorable trying to make jokes about Hillary being a groper. https://t.co/7YtgF5GQAd
0,"RT @KandiRider: Sharyl Attkisson: Why Did #Hillary #Clinton Survive a Brian Williams-like Lie?
#ImWithHer
#Hillary2016
https://t.co/jahd8Qh‚Ä¶"
